ID,Group
1,Reason
2,Emotion
3,Emotion
4,Control
5,Reason
6,Emotion
7,Emotion
8,Control
9,Emotion
10,Emotion
11,Reason
12,Emotion
13,Control
14,Control
15,Emotion
16,Control
17,Control
18,Reason
19,Control
20,Emotion
21,Emotion
22,Emotion
23,Control
24,Reason
25,Control
26,Emotion
27,Reason
28,Reason
29,Emotion
30,Reason
31,Emotion
32,Reason
33,Control
34,Reason
35,Control
36,Emotion
37,Control
38,Emotion
39,Reason
40,Control
41,Control
42,Reason
43,Control
44,Control
45,Emotion
46,Emotion
47,Control
48,Reason
49,Reason
50,Emotion
51,Emotion
52,Emotion
53,Control
54,Control
55,Emotion
56,Control
57,Control
58,Reason
59,Emotion
60,Reason
61,Control
62,Emotion
63,Emotion
64,Control
65,Reason
66,Emotion
67,Reason
68,Emotion
69,Reason
70,Control
71,Control
72,Emotion
73,Control
74,Control
75,Emotion
76,Reason
77,Reason
78,Emotion
79,Reason
80,Emotion
81,Control
82,Control
83,Reason
84,Control
85,Emotion
86,Control
87,Emotion
88,Reason
89,Reason
90,Reason
91,Reason
92,Control
93,Reason
94,Control
95,Control
96,Reason
97,Emotion
98,Reason
99,Reason
100,Reason
101,Reason
102,Reason
103,Emotion
104,Control
105,Control
106,Emotion
107,Reason
108,Emotion
109,Reason
110,Control
111,Emotion
112,Reason
113,Emotion
114,Control
115,Control
116,Control
117,Emotion
118,Control
119,Control
120,Reason
121,Reason
122,Control
123,Control
124,Emotion
125,Emotion
126,Reason
127,Reason
128,Emotion
129,Emotion
130,Emotion
131,Control
132,Control
133,Reason
134,Control
135,Control
136,Reason
137,Control
138,Emotion
139,Control
140,Reason
141,Reason
142,Emotion
143,Reason
144,Control
145,Reason
146,Control
147,Reason
148,Control
149,Reason
150,Reason
151,Control
152,Control
153,Control
154,Emotion
155,Emotion
156,Reason
157,Emotion
158,Reason
159,Control
160,Control
161,Emotion
162,Reason
163,Emotion
164,Reason
165,Control
166,Control
167,Reason
168,Emotion
169,Emotion
170,Reason
171,Control
172,Reason
173,Reason
174,Emotion
175,Control
176,Reason
177,Control
178,Emotion
179,Emotion
180,Emotion
181,Control
182,Emotion
183,Emotion
184,Emotion
185,Reason
186,Emotion
187,Reason
188,Emotion
189,Control
190,Control
191,Emotion
192,Emotion
193,Emotion
194,Reason
195,Emotion
196,Emotion
197,Emotion
198,Reason
199,Control
200,Reason
201,Control
202,Emotion
203,Reason
204,Reason
205,Reason
206,Emotion
207,Control
208,Control
209,Emotion
210,Emotion
211,Emotion
212,Control
213,Emotion
214,Control
215,Reason
216,Emotion
217,Emotion
218,Control
219,Emotion
220,Control
221,Control
222,Control
223,Reason
224,Reason
225,Control
226,Emotion
227,Emotion
228,Control
229,Reason
230,Reason
231,Control
232,Control
233,Control
234,Reason
235,Control
236,Emotion
237,Control
238,Reason
239,Reason
240,Control
241,Control
242,Control
243,Reason
244,Control
245,Control
246,Control
247,Reason
248,Emotion
249,Control
250,Reason
251,Reason
252,Reason
253,Reason
254,Reason
255,Control
256,Reason
257,Reason
258,Emotion
259,Control
260,Reason
261,Reason
262,Emotion
263,Reason
264,Emotion
265,Emotion
266,Emotion
267,Control
268,Reason
269,Reason
270,Control
271,Reason
272,Control
273,Emotion
274,Control
275,Control
276,Control
277,Emotion
278,Reason
279,Emotion
280,Emotion
281,Reason
282,Control
283,Reason
284,Control
285,Control
286,Reason
287,Control
288,Reason
289,Reason
290,Control
291,Control
292,Control
293,Reason
294,Control
295,Control
296,Control
297,Emotion
298,Reason
299,Reason
300,Control
301,Reason
302,Reason
303,Emotion
304,Emotion
305,Reason
306,Emotion
307,Reason
308,Control
309,Reason
310,Control
311,Reason
312,Emotion
313,Control
314,Emotion
315,Emotion
316,Emotion
317,Reason
318,Emotion
319,Control
320,Emotion
321,Emotion
322,Control
323,Emotion
324,Emotion
325,Emotion
326,Reason
327,Control
328,Control
329,Reason
330,Reason
331,Reason
332,Emotion
333,Control
334,Control
335,Control
336,Emotion
337,Reason
338,Emotion
339,Emotion
340,Control
341,Reason
342,Emotion
343,Control
344,Control
345,Emotion
346,Control
347,Control
348,Emotion
349,Reason
350,Reason
351,Reason
352,Control
353,Control
354,Reason
355,Emotion
356,Control
357,Control
358,Reason
359,Emotion
360,Reason
361,Emotion
362,Control
363,Emotion
364,Control
365,Control
366,Reason
367,Control
368,Reason
369,Emotion
370,Control
371,Control
372,Emotion
373,Control
374,Control
375,Control
376,Emotion
377,Control
378,Control
379,Emotion
380,Emotion
381,Emotion
382,Emotion
383,Emotion
384,Reason
385,Emotion
386,Control
387,Emotion
388,Control
389,Reason
390,Reason
391,Emotion
392,Reason
393,Reason
394,Reason
395,Emotion
396,Control
397,Emotion
398,Reason
399,Reason
400,Control
401,Reason
402,Reason
403,Emotion
404,Emotion
405,Reason
406,Control
407,Control
408,Reason
409,Emotion
410,Emotion
411,Emotion
412,Reason
413,Reason
414,Control
415,Emotion
416,Reason
417,Control
418,Emotion
419,Reason
420,Control
421,Emotion
422,Control
423,Emotion
424,Reason
425,Control
426,Reason
427,Emotion
428,Emotion
429,Reason
430,Control
431,Reason
432,Reason
433,Reason
434,Reason
435,Control
436,Reason
437,Reason
438,Reason
439,Reason
440,Reason
441,Control
442,Reason
443,Emotion
444,Emotion
445,Emotion
446,Control
447,Emotion
448,Emotion
449,Emotion
450,Control
451,Reason
452,Emotion
453,Control
454,Emotion
455,Control
456,Emotion
457,Reason
458,Reason
459,Emotion
460,Emotion
461,Emotion
462,Control
463,Control
464,Control
465,Emotion
466,Emotion
467,Reason
468,Control
469,Emotion
470,Emotion
471,Reason
472,Control
473,Control
474,Reason
475,Emotion
476,Control
477,Emotion
478,Reason
479,Reason
480,Reason
481,Reason
482,Control
483,Emotion
484,Reason
485,Control
486,Emotion
487,Control
488,Reason
489,Control
490,Control
491,Emotion
492,Control
493,Reason
494,Reason
495,Emotion
496,Emotion
497,Control
498,Reason
499,Reason
500,Control
501,Emotion
502,Reason
503,Emotion
504,Reason
505,Reason
506,Reason
507,Emotion
508,Control
509,Reason
510,Control
511,Control
512,Emotion
513,Reason
514,Emotion
515,Control
516,Emotion
517,Control
518,Control
519,Reason
520,Reason
521,Control
522,Emotion
523,Emotion
524,Control
525,Emotion
526,Emotion
527,Control
528,Emotion
529,Emotion
530,Control
531,Reason
532,Reason
533,Emotion
534,Reason
535,Emotion
536,Emotion
537,Emotion
538,Emotion
539,Control
540,Control
541,Emotion
542,Control
543,Reason
544,Emotion
545,Emotion
546,Reason
547,Control
548,Reason
549,Control
550,Control
551,Control
552,Control
553,Control
554,Emotion
555,Reason
556,Control
557,Control
558,Reason
559,Reason
560,Reason
561,Reason
562,Emotion
563,Control
564,Emotion
565,Control
566,Control
567,Reason
568,Control
569,Reason
570,Reason
571,Control
572,Control
573,Emotion
574,Reason
575,Emotion
576,Reason
577,Reason
578,Control
579,Emotion
580,Control
581,Control
582,Control
583,Control
584,Reason
585,Control
586,Control
587,Control
588,Emotion
589,Emotion
590,Reason
591,Reason
592,Emotion
593,Emotion
594,Control
595,Reason
596,Emotion
597,Emotion
598,Emotion
599,Control
600,Control
601,Emotion
602,Control
603,Control
604,Emotion
605,Emotion
606,Control
607,Emotion
608,Emotion
609,Reason
610,Control
611,Control
612,Emotion
613,Emotion
614,Reason
615,Reason
616,Reason
617,Reason
618,Reason
619,Control
620,Control
621,Reason
622,Control
623,Reason
624,Reason
625,Reason
626,Control
627,Emotion
628,Control
629,Emotion
630,Emotion
631,Reason
632,Emotion
633,Control
634,Emotion
635,Reason
636,Emotion
637,Control
638,Control
639,Emotion
640,Reason
641,Emotion
642,Emotion
643,Control
644,Reason
645,Control
646,Control
647,Control
648,Reason
649,Reason
650,Emotion
651,Reason
652,Emotion
653,Reason
654,Reason
655,Reason
656,Reason
657,Emotion
658,Emotion
659,Reason
660,Emotion
661,Reason
662,Control
663,Reason
664,Emotion
665,Control
666,Control
667,Emotion
668,Emotion
669,Reason
670,Emotion
671,Emotion
672,Emotion
673,Reason
674,Emotion
675,Emotion
676,Reason
677,Emotion
678,Reason
679,Control
680,Control
681,Control
682,Emotion
683,Emotion
684,Emotion
685,Reason
686,Reason
687,Reason
688,Emotion
689,Emotion
690,Emotion
691,Emotion
692,Reason
693,Control
694,Control
695,Reason
696,Emotion
697,Control
698,Reason
699,Reason
700,Reason
701,Reason
702,Emotion
703,Control
704,Reason
705,Reason
706,Emotion
707,Reason
708,Reason
709,Emotion
710,Control
711,Reason
712,Emotion
713,Control
714,Reason
715,Reason
716,Control
717,Emotion
718,Control
719,Emotion
720,Reason
721,Control
722,Emotion
723,Emotion
724,Emotion
725,Emotion
726,Control
727,Reason
728,Control
729,Emotion
730,Reason
731,Reason
732,Control
733,Emotion
734,Emotion
735,Control
736,Control
737,Control
738,Reason
739,Emotion
740,Control
741,Emotion
742,Emotion
743,Control
744,Reason
745,Reason
746,Emotion
747,Control
748,Control
749,Emotion
750,Reason
751,Control
752,Reason
753,Emotion
754,Control
755,Emotion
756,Control
757,Emotion
758,Control
759,Control
760,Reason
761,Reason
762,Reason
763,Emotion
764,Emotion
765,Emotion
766,Control
767,Emotion
768,Reason
769,Reason
770,Emotion
771,Emotion
772,Reason
773,Control
774,Reason
775,Emotion
776,Reason
777,Emotion
778,Control
779,Reason
780,Emotion
781,Emotion
782,Control
783,Reason
784,Reason
785,Emotion
786,Emotion
787,Emotion
788,Control
789,Emotion
790,Reason
791,Emotion
792,Reason
793,Reason
794,Emotion
795,Emotion
796,Reason
797,Reason
798,Control
799,Control
800,Control
801,Emotion
802,Control
803,Reason
804,Control
805,Control
806,Emotion
807,Emotion
808,Emotion
809,Emotion
810,Emotion
811,Control
812,Control
813,Emotion
814,Emotion
815,Emotion
816,Emotion
817,Reason
818,Reason
819,Reason
820,Reason
821,Emotion
822,Emotion
823,Emotion
824,Reason
825,Emotion
826,Reason
827,Control
828,Emotion
829,Emotion
830,Emotion
831,Reason
832,Control
833,Control
834,Emotion
835,Reason
836,Control
837,Control
838,Reason
839,Reason
840,Control
841,Control
842,Emotion
843,Emotion
844,Reason
845,Reason
846,Emotion
847,Emotion
848,Control
849,Control
850,Control
851,Reason
852,Reason
853,Control
854,Control
855,Emotion
856,Reason
857,Reason
858,Reason
859,Reason
860,Control
861,Emotion
862,Emotion
863,Control
864,Control
865,Control
866,Reason
867,Control
868,Emotion
869,Reason
870,Reason
871,Reason
872,Reason
873,Reason
874,Control
875,Reason
876,Emotion
877,Reason
878,Control
879,Control
880,Reason
881,Control
882,Control
883,Emotion
884,Reason
885,Emotion
886,Control
887,Emotion
888,Control
889,Control
890,Control
891,Emotion
892,Reason
893,Reason
894,Reason
895,Reason
896,Reason
897,Emotion
898,Control
899,Reason
900,Control
901,Control
902,Control
903,Reason
904,Reason
905,Emotion
906,Emotion
907,Control
908,Reason
909,Emotion
910,Reason
911,Control
912,Emotion
913,Control
914,Emotion
915,Reason
916,Control
917,Emotion
918,Reason
919,Reason
920,Emotion
921,Control
922,Emotion
923,Control
924,Control
925,Emotion
926,Reason
927,Reason
928,Emotion
929,Control
930,Emotion
931,Reason
932,Control
933,Emotion
934,Reason
935,Emotion
936,Emotion
937,Control
938,Reason
939,Control
940,Control
941,Control
942,Reason
943,Reason
944,Emotion
945,Reason
946,Emotion
947,Emotion
948,Emotion
949,Emotion
950,Reason
951,Emotion
952,Emotion
953,Control
954,Reason
955,Emotion
956,Control
957,Control
958,Control
959,Reason
960,Emotion
961,Reason
962,Reason
963,Emotion
964,Control
965,Control
966,Reason
967,Reason
968,Reason
969,Emotion
970,Reason
971,Control
972,Reason
973,Control
974,Reason
975,Control
976,Control
977,Control
978,Control
979,Control
980,Reason
981,Reason
982,Reason
983,Control
984,Emotion
985,Reason
986,Emotion
987,Reason
988,Control
989,Reason
990,Emotion
991,Emotion
992,Emotion
993,Control
994,Emotion
995,Reason
996,Control
997,Emotion
998,Emotion
999,Reason
1000,Emotion
1001,Control
1002,Emotion
1003,Emotion
1004,Reason
1005,Emotion
1006,Reason
1007,Control
1008,Control
1009,Reason
1010,Emotion
1011,Reason
1012,Emotion
1013,Control
1014,Reason
1015,Reason
1016,Reason
1017,Reason
1018,Reason
1019,Control
1020,Control
1021,Reason
1022,Emotion
1023,Emotion
1024,Control
1025,Emotion
1026,Emotion
1027,Control
1028,Emotion
1029,Reason
1030,Emotion
1031,Control
1032,Reason
1033,Emotion
1034,Control
1035,Control
1036,Control
1037,Reason
1038,Emotion
1039,Control
1040,Emotion
1041,Emotion
1042,Emotion
1043,Reason
1044,Control
1045,Emotion
1046,Reason
1047,Emotion
1048,Reason
1049,Control
1050,Emotion
1051,Reason
1052,Emotion
1053,Reason
1054,Emotion
1055,Reason
1056,Control
1057,Control
1058,Control
1059,Control
1060,Emotion
1061,Reason
1062,Emotion
1063,Emotion
1064,Emotion
1065,Emotion
1066,Reason
1067,Emotion
1068,Emotion
1069,Reason
1070,Emotion
1071,Reason
1072,Emotion
1073,Emotion
1074,Reason
1075,Control
1076,Reason
1077,Control
1078,Reason
1079,Emotion
1080,Reason
1081,Emotion
1082,Control
1083,Control
1084,Emotion
1085,Reason
1086,Emotion
1087,Reason
1088,Emotion
1089,Reason
1090,Emotion
1091,Reason
1092,Emotion
1093,Emotion
1094,Reason
1095,Control
1096,Reason
1097,Control
1098,Control
1099,Emotion
1100,Control
1101,Emotion
1102,Reason
1103,Emotion
1104,Reason
1105,Reason
1106,Emotion
1107,Emotion
1108,Emotion
1109,Reason
1110,Control
1111,Emotion
1112,Emotion
1113,Emotion
1114,Reason
1115,Control
1116,Control
1117,Emotion
1118,Emotion
1119,Reason
1120,Emotion
1121,Emotion
1122,Emotion
1123,Reason
1124,Emotion
1125,Emotion
1126,Reason
1127,Reason
1128,Emotion
1129,Control
1130,Emotion
1131,Reason
1132,Control
1133,Reason
1134,Emotion
1135,Emotion
1136,Emotion
1137,Reason
1138,Control
1139,Emotion
1140,Reason
1141,Emotion
1142,Emotion
1143,Reason
1144,Control
1145,Emotion
1146,Reason
1147,Control
1148,Reason
1149,Control
1150,Control
1151,Control
1152,Control
1153,Emotion
1154,Reason
1155,Reason
1156,Reason
1157,Control
1158,Control
1159,Emotion
1160,Control
1161,Control
1162,Emotion
1163,Reason
1164,Control
1165,Control
1166,Emotion
1167,Reason
1168,Control
1169,Reason
1170,Emotion
1171,Control
1172,Emotion
1173,Control
1174,Reason
1175,Emotion
1176,Control
1177,Emotion
1178,Emotion
1179,Emotion
1180,Control
1181,Emotion
1182,Control
1183,Control
1184,Emotion
1185,Emotion
1186,Reason
1187,Reason
1188,Control
1189,Emotion
1190,Reason
1191,Control
1192,Reason
1193,Control
1194,Reason
1195,Emotion
1196,Reason
1197,Reason
1198,Reason
1199,Reason
1200,Reason
1201,Emotion
1202,Emotion
1203,Emotion
1204,Reason
1205,Reason
1206,Emotion
1207,Reason
1208,Reason
1209,Control
1210,Control
1211,Reason
1212,Emotion
1213,Control
1214,Reason
1215,Reason
1216,Reason
1217,Reason
1218,Control
1219,Reason
1220,Control
1221,Control
1222,Control
1223,Emotion
1224,Reason
1225,Reason
1226,Control
1227,Emotion
1228,Reason
1229,Control
1230,Emotion
1231,Emotion
1232,Emotion
1233,Emotion
1234,Emotion
1235,Control
1236,Reason
1237,Emotion
1238,Control
1239,Reason
1240,Control
1241,Reason
1242,Control
1243,Control
1244,Emotion
1245,Control
1246,Emotion
1247,Emotion
1248,Emotion
1249,Reason
1250,Emotion
1251,Reason
1252,Emotion
1253,Emotion
1254,Control
1255,Control
1256,Emotion
1257,Control
1258,Control
1259,Emotion
1260,Control
1261,Reason
1262,Emotion
1263,Reason
1264,Emotion
1265,Control
1266,Reason
1267,Control
1268,Control
1269,Control
1270,Emotion
1271,Control
1272,Emotion
1273,Control
1274,Reason
1275,Reason
1276,Control
1277,Emotion
1278,Emotion
1279,Control
1280,Control
1281,Control
1282,Emotion
1283,Emotion
1284,Emotion
1285,Emotion
1286,Emotion
1287,Reason
1288,Emotion
1289,Reason
1290,Reason
1291,Control
1292,Control
1293,Control
1294,Control
1295,Emotion
1296,Control
1297,Emotion
1298,Emotion
1299,Control
1300,Reason
1301,Control
1302,Control
1303,Reason
1304,Control
1305,Control
1306,Control
1307,Reason
1308,Emotion
1309,Emotion
1310,Control
1311,Reason
1312,Reason
1313,Reason
1314,Emotion
1315,Emotion
1316,Emotion
1317,Emotion
1318,Control
1319,Reason
1320,Emotion
1321,Control
1322,Emotion
1323,Emotion
1324,Emotion
1325,Control
1326,Reason
1327,Reason
1328,Control
1329,Reason
1330,Reason
1331,Control
1332,Emotion
1333,Emotion
1334,Reason
1335,Emotion
1336,Reason
1337,Reason
1338,Reason
1339,Reason
1340,Emotion
1341,Control
1342,Control
1343,Emotion
1344,Reason
1345,Reason
1346,Emotion
1347,Reason
1348,Control
1349,Emotion
1350,Reason
1351,Control
1352,Emotion
1353,Reason
1354,Emotion
1355,Emotion
1356,Control
1357,Control
1358,Reason
1359,Reason
1360,Emotion
1361,Control
1362,Control
1363,Control
1364,Control
1365,Reason
1366,Reason
1367,Control
1368,Emotion
1369,Control
1370,Reason
1371,Reason
1372,Emotion
1373,Reason
1374,Reason
1375,Control
1376,Emotion
1377,Control
1378,Emotion
1379,Control
1380,Emotion
1381,Control
1382,Emotion
1383,Control
1384,Control
1385,Emotion
1386,Emotion
1387,Emotion
1388,Control
1389,Reason
1390,Reason
1391,Control
1392,Control
1393,Reason
1394,Control
1395,Reason
1396,Reason
1397,Reason
1398,Reason
1399,Emotion
1400,Emotion
1401,Control
1402,Emotion
1403,Reason
1404,Control
1405,Control
1406,Emotion
1407,Emotion
1408,Emotion
1409,Emotion
1410,Emotion
1411,Control
1412,Control
1413,Emotion
1414,Emotion
1415,Reason
1416,Reason
1417,Control
1418,Control
1419,Control
1420,Control
1421,Reason
1422,Control
1423,Emotion
1424,Emotion
1425,Emotion
1426,Reason
1427,Reason
1428,Emotion
1429,Reason
1430,Emotion
1431,Emotion
1432,Reason
1433,Reason
1434,Emotion
1435,Reason
1436,Emotion
1437,Control
1438,Reason
1439,Reason
1440,Control
1441,Control
1442,Emotion
1443,Control
1444,Reason
1445,Reason
1446,Control
1447,Reason
1448,Reason
1449,Control
1450,Control
1451,Emotion
1452,Reason
1453,Control
1454,Reason
1455,Reason
1456,Reason
1457,Emotion
1458,Emotion
1459,Control
1460,Control
1461,Reason
1462,Reason
1463,Control
1464,Control
1465,Control
1466,Emotion
1467,Reason
1468,Reason
1469,Control
1470,Reason
1471,Control
1472,Control
1473,Control
1474,Control
1475,Control
1476,Emotion
1477,Emotion
1478,Reason
1479,Emotion
1480,Emotion
1481,Emotion
1482,Emotion
1483,Reason
1484,Reason
1485,Reason
1486,Reason
1487,Control
1488,Reason
1489,Reason
1490,Emotion
1491,Emotion
1492,Control
1493,Reason
1494,Emotion
1495,Control
1496,Control
1497,Reason
1498,Emotion
1499,Control
1500,Control
1501,Reason
1502,Emotion
1503,Reason
1504,Emotion
1505,Control
1506,Reason
1507,Emotion
1508,Control
1509,Emotion
1510,Emotion
1511,Emotion
1512,Reason
1513,Emotion
1514,Control
1515,Emotion
1516,Control
1517,Control
1518,Control
1519,Control
1520,Control
1521,Control
1522,Reason
1523,Control
1524,Emotion
1525,Reason
1526,Control
1527,Reason
1528,Reason
1529,Control
1530,Reason
1531,Reason
1532,Reason
1533,Control
1534,Control
1535,Emotion
1536,Emotion
1537,Reason
1538,Emotion
1539,Reason
1540,Emotion
1541,Emotion
1542,Emotion
1543,Control
1544,Control
1545,Emotion
1546,Emotion
1547,Control
1548,Emotion
1549,Emotion
1550,Control
1551,Emotion
1552,Reason
1553,Reason
1554,Control
1555,Control
1556,Emotion
1557,Reason
1558,Reason
1559,Emotion
1560,Reason
1561,Emotion
1562,Control
1563,Control
1564,Control
1565,Emotion
1566,Reason
1567,Reason
1568,Emotion
1569,Reason
1570,Control
1571,Emotion
1572,Emotion
1573,Control
1574,Emotion
1575,Control
1576,Control
1577,Reason
1578,Reason
1579,Control
1580,Reason
1581,Control
1582,Reason
1583,Reason
1584,Control
1585,Reason
1586,Reason
1587,Reason
1588,Emotion
1589,Control
1590,Emotion
1591,Control
1592,Control
1593,Emotion
1594,Reason
1595,Control
1596,Control
1597,Emotion
1598,Reason
1599,Control
1600,Reason
1601,Reason
1602,Reason
1603,Reason
1604,Emotion
1605,Reason
1606,Control
1607,Control
1608,Emotion
1609,Reason
1610,Control
1611,Reason
1612,Control
1613,Control
1614,Emotion
1615,Emotion
1616,Reason
1617,Reason
1618,Control
1619,Emotion
1620,Reason
1621,Control
1622,Control
1623,Control
1624,Reason
1625,Emotion
1626,Reason
1627,Emotion
1628,Reason
1629,Emotion
1630,Reason
1631,Emotion
1632,Reason
1633,Emotion
1634,Reason
1635,Control
1636,Reason
1637,Control
1638,Emotion
1639,Emotion
1640,Control
1641,Emotion
1642,Reason
1643,Control
1644,Reason
1645,Control
1646,Reason
1647,Reason
1648,Control
1649,Reason
1650,Emotion
1651,Emotion
1652,Emotion
1653,Emotion
1654,Control
1655,Reason
1656,Reason
1657,Control
1658,Emotion
1659,Control
1660,Emotion
1661,Emotion
1662,Emotion
1663,Emotion
1664,Emotion
1665,Control
1666,Reason
1667,Reason
1668,Emotion
1669,Emotion
1670,Emotion
1671,Control
1672,Emotion
1673,Emotion
1674,Reason
1675,Emotion
1676,Emotion
1677,Reason
1678,Control
1679,Emotion
1680,Emotion
1681,Emotion
1682,Reason
1683,Reason
1684,Reason
1685,Emotion
1686,Reason
1687,Reason
1688,Emotion
1689,Reason
1690,Control
1691,Emotion
1692,Emotion
1693,Emotion
1694,Control
1695,Emotion
1696,Emotion
1697,Emotion
1698,Control
1699,Reason
1700,Reason
1701,Reason
1702,Reason
1703,Control
1704,Reason
1705,Emotion
1706,Control
1707,Emotion
1708,Reason
1709,Control
1710,Emotion
1711,Emotion
1712,Emotion
1713,Emotion
1714,Reason
1715,Control
1716,Reason
1717,Emotion
1718,Emotion
1719,Control
1720,Reason
1721,Reason
1722,Emotion
1723,Emotion
1724,Reason
1725,Emotion
1726,Emotion
1727,Emotion
1728,Emotion
1729,Reason
1730,Control
1731,Reason
1732,Reason
1733,Emotion
1734,Control
1735,Emotion
1736,Reason
1737,Control
1738,Emotion
1739,Control
1740,Reason
1741,Reason
1742,Emotion
1743,Control
1744,Control
1745,Reason
1746,Control
1747,Reason
1748,Reason
1749,Emotion
1750,Emotion
1751,Control
1752,Emotion
1753,Control
1754,Emotion
1755,Control
1756,Control
1757,Emotion
1758,Control
1759,Reason
1760,Reason
1761,Control
1762,Control
1763,Reason
1764,Control
1765,Reason
1766,Emotion
1767,Emotion
1768,Reason
1769,Control
1770,Control
1771,Control
1772,Control
1773,Control
1774,Emotion
1775,Reason
1776,Reason
1777,Control
1778,Reason
1779,Reason
1780,Reason
1781,Reason
1782,Emotion
1783,Reason
1784,Control
1785,Emotion
1786,Control
1787,Reason
1788,Emotion
1789,Reason
1790,Reason
1791,Control
1792,Reason
1793,Reason
1794,Reason
1795,Control
1796,Control
1797,Emotion
1798,Emotion
1799,Control
1800,Emotion
1801,Control
1802,Reason
1803,Reason
1804,Control
1805,Control
1806,Emotion
1807,Control
1808,Control
1809,Emotion
1810,Emotion
1811,Reason
1812,Control
1813,Reason
1814,Control
1815,Reason
1816,Control
1817,Emotion
1818,Emotion
1819,Reason
1820,Control
1821,Control
1822,Reason
1823,Reason
1824,Reason
1825,Control
1826,Emotion
1827,Emotion
1828,Emotion
1829,Control
1830,Emotion
1831,Reason
1832,Reason
1833,Emotion
1834,Emotion
1835,Emotion
1836,Emotion
1837,Emotion
1838,Reason
1839,Control
1840,Control
1841,Emotion
1842,Emotion
1843,Control
1844,Emotion
1845,Control
1846,Reason
1847,Emotion
1848,Emotion
1849,Emotion
1850,Reason
1851,Emotion
1852,Emotion
1853,Emotion
1854,Emotion
1855,Emotion
1856,Emotion
1857,Reason
1858,Emotion
1859,Control
1860,Emotion
1861,Emotion
1862,Emotion
1863,Control
1864,Emotion
1865,Emotion
1866,Emotion
1867,Control
1868,Reason
1869,Emotion
1870,Emotion
1871,Emotion
1872,Control
1873,Emotion
1874,Control
1875,Emotion
1876,Emotion
1877,Reason
1878,Control
1879,Emotion
1880,Reason
1881,Emotion
1882,Reason
1883,Emotion
1884,Control
1885,Emotion
1886,Control
1887,Reason
1888,Emotion
1889,Reason
1890,Control
1891,Control
1892,Reason
1893,Emotion
1894,Emotion
1895,Control
1896,Emotion
1897,Emotion
1898,Control
1899,Control
1900,Reason
1901,Emotion
1902,Emotion
1903,Emotion
1904,Reason
1905,Reason
1906,Reason
1907,Emotion
1908,Emotion
1909,Control
1910,Emotion
1911,Emotion
1912,Control
1913,Emotion
1914,Reason
1915,Reason
1916,Reason
1917,Control
1918,Control
1919,Emotion
1920,Reason
1921,Emotion
1922,Emotion
1923,Reason
1924,Control
1925,Emotion
1926,Emotion
1927,Emotion
1928,Emotion
1929,Reason
1930,Control
1931,Control
1932,Control
1933,Reason
1934,Emotion
1935,Reason
1936,Control
1937,Control
1938,Reason
1939,Reason
1940,Emotion
1941,Reason
1942,Control
1943,Control
1944,Reason
1945,Reason
1946,Control
1947,Reason
1948,Reason
1949,Reason
1950,Reason
1951,Emotion
1952,Control
1953,Reason
1954,Reason
1955,Reason
1956,Emotion
1957,Reason
1958,Reason
1959,Emotion
1960,Emotion
1961,Reason
1962,Reason
1963,Control
1964,Reason
1965,Control
1966,Reason
1967,Emotion
1968,Emotion
1969,Reason
1970,Emotion
1971,Emotion
1972,Emotion
1973,Emotion
1974,Emotion
1975,Emotion
1976,Emotion
1977,Control
1978,Reason
1979,Control
1980,Control
1981,Reason
1982,Emotion
1983,Reason
1984,Emotion
1985,Control
1986,Control
1987,Reason
1988,Control
1989,Reason
1990,Reason
1991,Emotion
1992,Control
1993,Reason
1994,Emotion
1995,Reason
1996,Control
1997,Control
1998,Control
1999,Reason
2000,Reason
2001,Emotion
2002,Reason
2003,Emotion
2004,Emotion
2005,Reason
2006,Emotion
2007,Control
2008,Control
2009,Emotion
2010,Reason
2011,Control
2012,Reason
2013,Emotion
2014,Reason
2015,Reason
2016,Reason
2017,Reason
2018,Emotion
2019,Reason
2020,Emotion
2021,Control
2022,Emotion
2023,Control
2024,Emotion
2025,Reason
2026,Emotion
2027,Reason
2028,Reason
2029,Emotion
2030,Control
2031,Reason
2032,Reason
2033,Emotion
2034,Reason
2035,Emotion
2036,Reason
2037,Control
2038,Emotion
2039,Control
2040,Control
2041,Emotion
2042,Reason
2043,Control
2044,Control
2045,Reason
2046,Control
2047,Emotion
2048,Control
2049,Emotion
2050,Control
2051,Control
2052,Reason
2053,Control
2054,Control
2055,Control
2056,Control
2057,Emotion
2058,Control
2059,Reason
2060,Emotion
2061,Control
2062,Reason
2063,Reason
2064,Control
2065,Control
2066,Reason
2067,Emotion
2068,Control
2069,Reason
2070,Control
2071,Reason
2072,Emotion
2073,Reason
2074,Control
2075,Control
2076,Emotion
2077,Emotion
2078,Emotion
2079,Reason
2080,Reason
2081,Reason
2082,Emotion
2083,Emotion
2084,Reason
2085,Emotion
2086,Emotion
2087,Reason
2088,Reason
2089,Emotion
2090,Control
2091,Control
2092,Emotion
2093,Control
2094,Emotion
2095,Emotion
2096,Emotion
2097,Control
2098,Control
2099,Emotion
2100,Control
2101,Control
2102,Emotion
2103,Emotion
2104,Control
2105,Emotion
2106,Reason
2107,Emotion
2108,Reason
2109,Reason
2110,Reason
2111,Reason
2112,Reason
2113,Control
2114,Control
2115,Reason
2116,Emotion
2117,Control
2118,Control
2119,Emotion
2120,Control
2121,Control
2122,Reason
2123,Emotion
2124,Emotion
2125,Control
2126,Control
2127,Reason
2128,Reason
2129,Emotion
2130,Reason
2131,Reason
2132,Emotion
2133,Control
2134,Control
2135,Emotion
2136,Control
2137,Control
2138,Control
2139,Control
2140,Reason
2141,Emotion
2142,Reason
2143,Reason
2144,Control
2145,Reason
2146,Emotion
2147,Reason
2148,Control
2149,Emotion
2150,Emotion
2151,Emotion
2152,Emotion
2153,Reason
2154,Control
2155,Reason
2156,Control
2157,Control
2158,Emotion
2159,Control
2160,Control
2161,Emotion
2162,Reason
2163,Control
2164,Control
2165,Control
2166,Reason
2167,Control
2168,Emotion
2169,Control
2170,Reason
2171,Control
2172,Control
2173,Emotion
2174,Control
2175,Reason
2176,Control
2177,Emotion
2178,Emotion
2179,Reason
2180,Reason
2181,Emotion
2182,Emotion
2183,Control
2184,Reason
2185,Control
2186,Reason
2187,Emotion
2188,Control
2189,Control
2190,Reason
2191,Reason
2192,Control
2193,Reason
2194,Emotion
2195,Control
2196,Emotion
2197,Emotion
2198,Reason
2199,Emotion
2200,Control
2201,Control
2202,Emotion
2203,Reason
2204,Control
2205,Control
2206,Control
2207,Emotion
2208,Emotion
2209,Control
2210,Reason
2211,Control
2212,Reason
2213,Control
2214,Control
2215,Control
2216,Control
2217,Control
2218,Reason
2219,Emotion
2220,Control
2221,Emotion
2222,Emotion
2223,Emotion
2224,Reason
2225,Control
2226,Control
2227,Reason
2228,Reason
2229,Control
2230,Emotion
2231,Emotion
2232,Reason
2233,Control
2234,Reason
2235,Emotion
2236,Control
2237,Emotion
2238,Emotion
2239,Reason
2240,Reason
2241,Emotion
2242,Control
2243,Control
2244,Reason
2245,Emotion
2246,Reason
2247,Emotion
2248,Reason
2249,Emotion
2250,Control
2251,Control
2252,Control
2253,Reason
2254,Emotion
2255,Emotion
2256,Emotion
2257,Control
2258,Reason
2259,Reason
2260,Emotion
2261,Emotion
2262,Emotion
2263,Emotion
2264,Control
2265,Emotion
2266,Emotion
2267,Control
2268,Reason
2269,Control
2270,Emotion
2271,Emotion
2272,Control
2273,Control
2274,Emotion
2275,Emotion
2276,Control
2277,Reason
2278,Control
2279,Reason
2280,Reason
2281,Emotion
2282,Control
2283,Control
2284,Emotion
2285,Emotion
2286,Control
2287,Emotion
2288,Emotion
2289,Control
2290,Control
2291,Emotion
2292,Emotion
2293,Control
2294,Control
2295,Control
2296,Emotion
2297,Control
2298,Control
2299,Reason
2300,Reason
2301,Reason
2302,Reason
2303,Emotion
2304,Control
2305,Emotion
2306,Control
2307,Emotion
2308,Emotion
2309,Reason
2310,Emotion
2311,Reason
2312,Reason
2313,Emotion
2314,Control
2315,Emotion
2316,Reason
2317,Control
2318,Control
2319,Reason
2320,Emotion
2321,Reason
2322,Emotion
2323,Emotion
2324,Control
2325,Emotion
2326,Reason
2327,Emotion
2328,Emotion
2329,Emotion
2330,Control
2331,Reason
2332,Control
2333,Reason
2334,Reason
2335,Control
2336,Control
2337,Control
2338,Control
2339,Control
2340,Reason
2341,Emotion
2342,Emotion
2343,Control
2344,Control
2345,Emotion
2346,Emotion
2347,Control
2348,Reason
2349,Control
2350,Emotion
2351,Control
2352,Emotion
2353,Control
2354,Emotion
2355,Emotion
2356,Emotion
2357,Emotion
2358,Reason
2359,Control
2360,Emotion
2361,Reason
2362,Reason
2363,Control
2364,Control
2365,Emotion
2366,Control
2367,Emotion
2368,Control
2369,Reason
2370,Reason
2371,Reason
2372,Control
2373,Control
2374,Control
2375,Reason
2376,Reason
2377,Control
2378,Reason
2379,Emotion
2380,Control
2381,Control
2382,Reason
2383,Control
2384,Emotion
2385,Reason
2386,Reason
2387,Control
2388,Emotion
2389,Control
2390,Emotion
2391,Emotion
2392,Emotion
2393,Emotion
2394,Reason
2395,Reason
2396,Emotion
2397,Emotion
2398,Reason
2399,Control
2400,Reason
2401,Reason
2402,Reason
2403,Reason
2404,Emotion
2405,Emotion
2406,Emotion
2407,Control
2408,Emotion
2409,Reason
2410,Emotion
2411,Reason
2412,Reason
2413,Control
2414,Emotion
2415,Control
2416,Reason
2417,Control
2418,Reason
2419,Control
2420,Control
2421,Control
2422,Control
2423,Control
2424,Reason
2425,Emotion
2426,Reason
2427,Control
2428,Reason
2429,Control
2430,Emotion
2431,Control
2432,Control
2433,Control
2434,Reason
2435,Reason
2436,Control
2437,Reason
2438,Reason
2439,Emotion
2440,Control
2441,Control
2442,Emotion
2443,Reason
2444,Control
2445,Reason
2446,Reason
2447,Control
2448,Emotion
2449,Emotion
2450,Control
2451,Reason
2452,Reason
2453,Reason
2454,Control
2455,Reason
2456,Emotion
2457,Control
2458,Control
2459,Emotion
2460,Reason
2461,Reason
2462,Reason
2463,Reason
2464,Reason
2465,Reason
2466,Control
2467,Control
2468,Reason
2469,Control
2470,Emotion
2471,Emotion
2472,Control
2473,Control
2474,Reason
2475,Emotion
2476,Control
2477,Emotion
2478,Control
2479,Emotion
2480,Emotion
2481,Emotion
2482,Reason
2483,Reason
2484,Control
2485,Reason
2486,Emotion
2487,Reason
2488,Control
2489,Reason
2490,Control
2491,Control
2492,Emotion
2493,Emotion
2494,Reason
2495,Reason
2496,Control
2497,Control
2498,Control
2499,Emotion
2500,Control
2501,Emotion
2502,Control
2503,Reason
2504,Emotion
2505,Control
2506,Emotion
2507,Emotion
2508,Reason
2509,Emotion
2510,Emotion
2511,Emotion
2512,Reason
2513,Emotion
2514,Emotion
2515,Control
2516,Control
2517,Emotion
2518,Emotion
2519,Control
2520,Emotion
2521,Control
2522,Reason
2523,Control
2524,Reason
2525,Control
2526,Emotion
2527,Control
2528,Reason
2529,Emotion
2530,Control
2531,Emotion
2532,Control
2533,Reason
2534,Control
2535,Control
2536,Emotion
2537,Emotion
2538,Reason
2539,Control
2540,Emotion
2541,Reason
2542,Emotion
2543,Control
2544,Reason
2545,Control
2546,Reason
2547,Reason
2548,Control
2549,Reason
2550,Emotion
2551,Emotion
2552,Control
2553,Control
2554,Control
2555,Control
2556,Control
2557,Reason
2558,Reason
2559,Control
2560,Emotion
2561,Control
2562,Reason
2563,Emotion
2564,Emotion
2565,Emotion
2566,Reason
2567,Control
2568,Emotion
2569,Control
2570,Emotion
2571,Control
2572,Emotion
2573,Control
2574,Emotion
2575,Reason
2576,Emotion
2577,Control
2578,Reason
2579,Control
2580,Control
2581,Emotion
2582,Reason
2583,Reason
2584,Reason
2585,Reason
2586,Control
2587,Emotion
2588,Reason
2589,Emotion
2590,Reason
2591,Emotion
2592,Reason
2593,Reason
2594,Reason
2595,Emotion
2596,Reason
2597,Reason
2598,Control
2599,Reason
2600,Control
2601,Control
2602,Emotion
2603,Emotion
2604,Control
2605,Control
2606,Reason
2607,Control
2608,Reason
2609,Emotion
2610,Emotion
2611,Reason
2612,Emotion
2613,Emotion
2614,Emotion
2615,Control
2616,Control
2617,Emotion
2618,Control
2619,Emotion
2620,Control
2621,Emotion
2622,Control
2623,Control
2624,Control
2625,Emotion
2626,Control
2627,Control
2628,Reason
2629,Reason
2630,Emotion
2631,Emotion
2632,Emotion
2633,Reason
2634,Emotion
2635,Control
2636,Control
2637,Reason
2638,Control
2639,Reason
2640,Control
2641,Reason
2642,Control
2643,Reason
2644,Emotion
2645,Reason
2646,Reason
2647,Control
2648,Reason
2649,Control
2650,Control
2651,Emotion
2652,Emotion
2653,Emotion
2654,Reason
2655,Reason
2656,Emotion
2657,Reason
2658,Reason
2659,Control
2660,Reason
2661,Reason
2662,Reason
2663,Control
2664,Reason
2665,Control
2666,Reason
2667,Control
2668,Reason
2669,Control
2670,Reason
2671,Control
2672,Control
2673,Reason
2674,Control
2675,Emotion
2676,Reason
2677,Emotion
2678,Emotion
2679,Reason
2680,Control
2681,Reason
2682,Reason
2683,Emotion
2684,Control
2685,Reason
2686,Control
2687,Reason
2688,Control
2689,Reason
2690,Emotion
2691,Control
2692,Control
2693,Emotion
2694,Emotion
2695,Reason
2696,Emotion
2697,Emotion
2698,Emotion
2699,Reason
2700,Control
2701,Control
2702,Reason
2703,Emotion
2704,Emotion
2705,Emotion
2706,Control
2707,Reason
2708,Emotion
2709,Emotion
2710,Control
2711,Control
2712,Control
2713,Emotion
2714,Reason
2715,Emotion
2716,Control
2717,Control
2718,Reason
2719,Control
2720,Control
2721,Emotion
2722,Emotion
2723,Reason
2724,Control
2725,Control
2726,Reason
2727,Reason
2728,Control
2729,Reason
2730,Emotion
2731,Emotion
2732,Control
2733,Reason
2734,Reason
2735,Emotion
2736,Emotion
2737,Reason
2738,Control
2739,Reason
2740,Reason
2741,Control
2742,Emotion
2743,Emotion
2744,Emotion
2745,Emotion
2746,Control
2747,Control
2748,Reason
2749,Emotion
2750,Emotion
2751,Emotion
2752,Reason
2753,Reason
2754,Control
2755,Emotion
2756,Emotion
2757,Control
2758,Reason
2759,Control
2760,Emotion
2761,Control
2762,Control
2763,Emotion
2764,Reason
2765,Reason
2766,Reason
2767,Reason
2768,Emotion
2769,Emotion
2770,Control
2771,Reason
2772,Control
2773,Reason
2774,Control
2775,Emotion
2776,Reason
2777,Reason
2778,Reason
2779,Emotion
2780,Control
2781,Reason
2782,Control
2783,Emotion
2784,Reason
2785,Reason
2786,Emotion
2787,Control
2788,Reason
2789,Reason
2790,Control
2791,Emotion
2792,Reason
2793,Emotion
2794,Control
2795,Emotion
2796,Control
2797,Control
2798,Emotion
2799,Control
2800,Reason
2801,Emotion
2802,Control
2803,Control
2804,Reason
2805,Control
2806,Control
2807,Reason
2808,Control
2809,Control
2810,Reason
2811,Reason
2812,Emotion
2813,Reason
2814,Reason
2815,Emotion
2816,Emotion
2817,Emotion
2818,Control
2819,Reason
2820,Reason
2821,Control
2822,Emotion
2823,Reason
2824,Control
2825,Emotion
2826,Control
2827,Control
2828,Emotion
2829,Reason
2830,Emotion
2831,Reason
2832,Reason
2833,Emotion
2834,Control
2835,Control
2836,Reason
2837,Emotion
2838,Control
2839,Emotion
2840,Emotion
2841,Reason
2842,Control
2843,Control
2844,Control
2845,Emotion
2846,Reason
2847,Emotion
2848,Control
2849,Control
2850,Control
2851,Reason
2852,Emotion
2853,Reason
2854,Reason
2855,Control
2856,Reason
2857,Emotion
2858,Reason
2859,Emotion
2860,Emotion
2861,Emotion
2862,Reason
2863,Emotion
2864,Control
2865,Reason
2866,Emotion
2867,Control
2868,Emotion
2869,Emotion
2870,Emotion
2871,Emotion
2872,Emotion
2873,Reason
2874,Reason
2875,Emotion
2876,Control
2877,Control
2878,Reason
2879,Control
2880,Control
2881,Control
2882,Control
2883,Emotion
2884,Reason
2885,Control
2886,Emotion
2887,Reason
2888,Emotion
2889,Control
2890,Reason
2891,Emotion
2892,Control
2893,Control
2894,Control
2895,Emotion
2896,Control
2897,Control
2898,Emotion
2899,Control
2900,Control
2901,Reason
2902,Emotion
2903,Reason
2904,Emotion
2905,Emotion
2906,Reason
2907,Control
2908,Emotion
2909,Control
2910,Control
2911,Control
2912,Emotion
2913,Emotion
2914,Reason
2915,Control
2916,Emotion
2917,Control
2918,Control
2919,Control
2920,Control
2921,Reason
2922,Emotion
2923,Emotion
2924,Reason
2925,Reason
2926,Control
2927,Emotion
2928,Emotion
2929,Reason
2930,Emotion
2931,Control
2932,Emotion
2933,Control
2934,Control
2935,Reason
2936,Reason
2937,Emotion
2938,Control
2939,Reason
2940,Emotion
2941,Reason
2942,Reason
2943,Emotion
2944,Control
2945,Control
2946,Emotion
2947,Reason
2948,Emotion
2949,Control
2950,Reason
2951,Emotion
2952,Control
2953,Emotion
2954,Reason
2955,Reason
2956,Emotion
2957,Emotion
2958,Control
2959,Reason
2960,Emotion
2961,Emotion
2962,Control
2963,Reason
2964,Emotion
2965,Emotion
2966,Control
2967,Reason
2968,Reason
2969,Reason
2970,Control
2971,Control
2972,Reason
2973,Reason
2974,Emotion
2975,Reason
2976,Reason
2977,Reason
2978,Control
2979,Reason
2980,Control
2981,Reason
2982,Reason
2983,Control
2984,Control
2985,Reason
2986,Emotion
2987,Reason
2988,Emotion
2989,Control
2990,Reason
2991,Emotion
2992,Reason
2993,Control
2994,Control
2995,Emotion
2996,Reason
2997,Reason
2998,Reason
2999,Reason
3000,Control
3001,Control
3002,Control
3003,Emotion
3004,Control
3005,Emotion
3006,Emotion
3007,Reason
3008,Emotion
3009,Control
3010,Reason
3011,Control
3012,Emotion
3013,Emotion
3014,Reason
3015,Control
3016,Control
3017,Emotion
3018,Control
3019,Reason
3020,Control
3021,Reason
3022,Emotion
3023,Control
3024,Reason
3025,Reason
3026,Emotion
3027,Reason
3028,Emotion
3029,Emotion
3030,Emotion
3031,Reason
3032,Reason
3033,Reason
3034,Reason
3035,Emotion
3036,Emotion
3037,Emotion
3038,Control
3039,Emotion
3040,Reason
3041,Emotion
3042,Control
3043,Control
3044,Control
3045,Emotion
3046,Control
3047,Emotion
3048,Emotion
3049,Control
3050,Emotion
3051,Control
3052,Emotion
3053,Control
3054,Reason
3055,Control
3056,Emotion
3057,Control
3058,Control
3059,Control
3060,Control
3061,Reason
3062,Emotion
3063,Control
3064,Control
3065,Reason
3066,Reason
3067,Emotion
3068,Control
3069,Reason
3070,Reason
3071,Emotion
3072,Control
3073,Reason
3074,Emotion
3075,Reason
3076,Control
3077,Reason
3078,Control
3079,Emotion
3080,Emotion
3081,Control
3082,Reason
3083,Control
3084,Reason
3085,Control
3086,Emotion
3087,Emotion
3088,Reason
3089,Control
3090,Emotion
3091,Emotion
3092,Emotion
3093,Emotion
3094,Control
3095,Control
3096,Reason
3097,Control
3098,Emotion
3099,Reason
3100,Control
3101,Emotion
3102,Control
3103,Control
3104,Control
3105,Control
3106,Reason
3107,Control
3108,Emotion
3109,Reason
3110,Emotion
3111,Emotion
3112,Control
3113,Control
3114,Control
3115,Emotion
3116,Emotion
3117,Control
3118,Control
3119,Reason
3120,Reason
3121,Emotion
3122,Control
3123,Reason
3124,Control
3125,Control
3126,Emotion
3127,Control
3128,Emotion
3129,Emotion
3130,Reason
3131,Emotion
3132,Control
3133,Emotion
3134,Reason
3135,Control
3136,Control
3137,Reason
3138,Control
3139,Control
3140,Emotion
3141,Reason
3142,Emotion
3143,Emotion
3144,Reason
3145,Control
3146,Control
3147,Reason
3148,Control
3149,Emotion
3150,Reason
3151,Emotion
3152,Reason
3153,Control
3154,Reason
3155,Control
3156,Emotion
3157,Reason
3158,Emotion
3159,Control
3160,Control
3161,Emotion
3162,Emotion
3163,Control
3164,Control
3165,Control
3166,Control
3167,Reason
3168,Reason
3169,Reason
3170,Control
3171,Reason
3172,Reason
3173,Control
3174,Control
3175,Control
3176,Reason
3177,Control
3178,Reason
3179,Emotion
3180,Reason
3181,Control
3182,Reason
3183,Emotion
3184,Emotion
3185,Control
3186,Control
3187,Control
3188,Emotion
3189,Control
3190,Control
3191,Emotion
3192,Emotion
3193,Reason
3194,Emotion
3195,Reason
3196,Control
3197,Reason
3198,Emotion
3199,Emotion
3200,Emotion
3201,Reason
3202,Emotion
3203,Reason
3204,Control
3205,Control
3206,Control
3207,Control
3208,Reason
3209,Control
3210,Emotion
3211,Reason
3212,Control
3213,Reason
3214,Reason
3215,Emotion
3216,Reason
3217,Reason
3218,Reason
3219,Reason
3220,Reason
3221,Emotion
3222,Reason
3223,Emotion
3224,Emotion
3225,Control
3226,Emotion
3227,Control
3228,Emotion
3229,Control
3230,Control
3231,Emotion
3232,Control
3233,Control
3234,Emotion
3235,Emotion
3236,Reason
3237,Emotion
3238,Reason
3239,Emotion
3240,Reason
3241,Reason
3242,Control
3243,Emotion
3244,Reason
3245,Reason
3246,Emotion
3247,Emotion
3248,Emotion
3249,Reason
3250,Emotion
3251,Emotion
3252,Reason
3253,Emotion
3254,Control
3255,Emotion
3256,Control
3257,Emotion
3258,Emotion
3259,Control
3260,Emotion
3261,Reason
3262,Emotion
3263,Emotion
3264,Control
3265,Emotion
3266,Reason
3267,Emotion
3268,Emotion
3269,Control
3270,Emotion
3271,Reason
3272,Emotion
3273,Control
3274,Reason
3275,Emotion
3276,Control
3277,Emotion
3278,Reason
3279,Emotion
3280,Control
3281,Control
3282,Emotion
3283,Control
3284,Emotion
3285,Emotion
3286,Reason
3287,Reason
3288,Control
3289,Emotion
3290,Emotion
3291,Control
3292,Reason
3293,Reason
3294,Reason
3295,Reason
3296,Reason
3297,Reason
3298,Emotion
3299,Control
3300,Control
3301,Control
3302,Emotion
3303,Reason
3304,Control
3305,Emotion
3306,Reason
3307,Reason
3308,Control
3309,Control
3310,Emotion
3311,Emotion
3312,Control
3313,Control
3314,Emotion
3315,Emotion
3316,Emotion
3317,Emotion
3318,Control
3319,Reason
3320,Control
3321,Emotion
3322,Reason
3323,Reason
3324,Emotion
3325,Emotion
3326,Reason
3327,Reason
3328,Emotion
3329,Reason
3330,Control
3331,Control
3332,Control
3333,Reason
3334,Control
3335,Control
3336,Emotion
3337,Reason
3338,Emotion
3339,Control
3340,Control
3341,Reason
3342,Reason
3343,Control
3344,Control
3345,Emotion
3346,Emotion
3347,Emotion
3348,Reason
3349,Reason
3350,Reason
3351,Control
3352,Emotion
3353,Control
3354,Emotion
3355,Reason
3356,Control
3357,Emotion
3358,Reason
3359,Emotion
3360,Reason
3361,Reason
3362,Control
3363,Emotion
3364,Control
3365,Reason
3366,Reason
3367,Emotion
3368,Control
3369,Emotion
3370,Control
3371,Emotion
3372,Control
3373,Reason
3374,Control
3375,Control
3376,Reason
3377,Control
3378,Emotion
3379,Reason
3380,Emotion
3381,Reason
3382,Reason
3383,Reason
3384,Reason
3385,Reason
3386,Control
3387,Reason
3388,Reason
3389,Emotion
3390,Control
3391,Reason
3392,Reason
3393,Reason
3394,Emotion
3395,Control
3396,Reason
3397,Control
3398,Emotion
3399,Reason
3400,Reason
3401,Reason
3402,Reason
3403,Control
3404,Emotion
3405,Emotion
3406,Control
3407,Reason
3408,Control
3409,Emotion
3410,Control
3411,Control
3412,Emotion
3413,Control
3414,Control
3415,Emotion
3416,Emotion
3417,Control
3418,Reason
3419,Control
3420,Reason
3421,Reason
3422,Reason
3423,Reason
3424,Emotion
3425,Reason
3426,Control
3427,Control
3428,Control
3429,Reason
3430,Emotion
3431,Reason
3432,Control
3433,Control
3434,Reason
3435,Control
3436,Control
3437,Reason
3438,Control
3439,Reason
3440,Emotion
3441,Emotion
3442,Reason
3443,Emotion
3444,Reason
3445,Reason
3446,Emotion
3447,Emotion
3448,Reason
3449,Emotion
3450,Emotion
3451,Emotion
3452,Reason
3453,Emotion
3454,Control
3455,Emotion
3456,Control
3457,Emotion
3458,Reason
3459,Control
3460,Control
3461,Control
3462,Control
3463,Control
3464,Reason
3465,Control
3466,Emotion
3467,Reason
3468,Control
3469,Emotion
3470,Reason
3471,Emotion
3472,Reason
3473,Reason
3474,Reason
3475,Emotion
3476,Reason
3477,Control
3478,Control
3479,Emotion
3480,Control
3481,Control
3482,Control
3483,Control
3484,Control
3485,Control
3486,Emotion
3487,Emotion
3488,Reason
3489,Reason
3490,Emotion
3491,Emotion
3492,Reason
3493,Control
3494,Reason
3495,Emotion
3496,Emotion
3497,Reason
3498,Control
3499,Control
3500,Control
3501,Emotion
3502,Emotion
3503,Control
3504,Control
3505,Reason
3506,Control
3507,Reason
3508,Emotion
3509,Control
3510,Emotion
3511,Reason
3512,Emotion
3513,Emotion
3514,Control
3515,Control
3516,Control
3517,Control
3518,Emotion
3519,Reason
3520,Reason
3521,Reason
3522,Control
3523,Reason
3524,Emotion
3525,Reason
3526,Emotion
3527,Control
3528,Reason
3529,Reason
3530,Control
3531,Reason
3532,Control
3533,Control
3534,Control
3535,Emotion
3536,Emotion
3537,Reason
3538,Emotion
3539,Emotion
3540,Control
3541,Control
3542,Emotion
3543,Control
3544,Control
3545,Control
3546,Emotion
3547,Emotion
3548,Emotion
3549,Emotion
3550,Reason
3551,Reason
3552,Emotion
3553,Control
3554,Emotion
3555,Emotion
3556,Reason
3557,Control
3558,Control
3559,Control
3560,Reason
3561,Emotion
3562,Control
3563,Reason
3564,Emotion
3565,Control
3566,Control
3567,Reason
3568,Emotion
3569,Reason
3570,Control
3571,Reason
3572,Reason
3573,Control
3574,Control
3575,Reason
3576,Control
3577,Emotion
3578,Emotion
3579,Reason
3580,Emotion
3581,Reason
3582,Control
3583,Emotion
3584,Reason
3585,Control
3586,Emotion
3587,Control
3588,Reason
3589,Reason
3590,Emotion
3591,Control
3592,Control
3593,Emotion
3594,Reason
3595,Control
3596,Emotion
3597,Control
3598,Reason
3599,Reason
3600,Emotion
3601,Control
3602,Control
3603,Reason
3604,Control
3605,Reason
3606,Reason
3607,Emotion
3608,Reason
3609,Control
3610,Control
3611,Control
3612,Control
3613,Emotion
3614,Control
3615,Emotion
3616,Reason
3617,Reason
3618,Control
3619,Reason
3620,Control
3621,Control
3622,Emotion
3623,Reason
3624,Reason
3625,Emotion
3626,Control
3627,Reason
3628,Emotion
3629,Control
3630,Reason
3631,Reason
3632,Reason
3633,Emotion
3634,Emotion
3635,Emotion
3636,Control
3637,Reason
3638,Emotion
3639,Control
3640,Control
3641,Control
3642,Control
3643,Reason
3644,Emotion
3645,Emotion
3646,Reason
3647,Control
3648,Control
3649,Control
3650,Control
3651,Control
3652,Control
3653,Emotion
3654,Control
3655,Control
3656,Control
3657,Reason
3658,Control
3659,Reason
3660,Control
3661,Emotion
3662,Emotion
3663,Reason
3664,Reason
3665,Emotion
3666,Emotion
3667,Emotion
3668,Emotion
3669,Reason
3670,Control
3671,Reason
3672,Reason
3673,Control
3674,Control
3675,Reason
3676,Control
3677,Emotion
3678,Reason
3679,Emotion
3680,Reason
3681,Emotion
3682,Emotion
3683,Emotion
3684,Reason
3685,Control
3686,Reason
3687,Emotion
3688,Control
3689,Emotion
3690,Emotion
3691,Emotion
3692,Control
3693,Reason
3694,Emotion
3695,Control
3696,Control
3697,Control
3698,Control
3699,Emotion
3700,Reason
3701,Emotion
3702,Emotion
3703,Reason
3704,Reason
3705,Emotion
3706,Emotion
3707,Control
3708,Reason
3709,Emotion
3710,Control
3711,Reason
3712,Emotion
3713,Reason
3714,Control
3715,Control
3716,Emotion
3717,Control
3718,Control
3719,Control
3720,Emotion
3721,Reason
3722,Reason
3723,Control
3724,Emotion
3725,Reason
3726,Reason
3727,Control
3728,Control
3729,Control
3730,Control
3731,Emotion
3732,Control
3733,Control
3734,Emotion
3735,Emotion
3736,Reason
3737,Emotion
3738,Reason
3739,Reason
3740,Emotion
3741,Control
3742,Emotion
3743,Emotion
3744,Reason
3745,Emotion
3746,Control
3747,Reason
3748,Emotion
3749,Control
3750,Reason
3751,Control
3752,Reason
3753,Control
3754,Control
3755,Control
3756,Control
3757,Control
3758,Emotion
3759,Reason
3760,Reason
3761,Reason
3762,Control
3763,Emotion
3764,Emotion
3765,Emotion
3766,Reason
3767,Control
3768,Emotion
3769,Control
3770,Reason
3771,Emotion
3772,Control
3773,Control
3774,Emotion
3775,Emotion
3776,Control
3777,Emotion
3778,Control
3779,Control
3780,Reason
3781,Reason
3782,Emotion
3783,Emotion
3784,Reason
3785,Control
3786,Reason
3787,Control
3788,Control
3789,Emotion
3790,Emotion
3791,Reason
3792,Emotion
3793,Emotion
3794,Control
3795,Emotion
3796,Emotion
3797,Reason
3798,Control
3799,Control
3800,Reason
3801,Reason
3802,Control
3803,Control
3804,Reason
3805,Emotion
3806,Emotion
3807,Reason
3808,Control
3809,Control
3810,Emotion
3811,Emotion
3812,Reason
3813,Control
3814,Reason
3815,Control
3816,Emotion
3817,Reason
3818,Emotion
3819,Control
3820,Reason
3821,Control
3822,Reason
3823,Control
3824,Reason
3825,Emotion
3826,Emotion
3827,Emotion
3828,Control
3829,Control
3830,Reason
3831,Control
3832,Control
3833,Reason
3834,Reason
3835,Control
3836,Control
3837,Control
3838,Control
3839,Reason
3840,Emotion
3841,Emotion
3842,Control
3843,Reason
3844,Reason
3845,Reason
3846,Emotion
3847,Control
3848,Reason
3849,Control
3850,Emotion
3851,Reason
3852,Emotion
3853,Control
3854,Reason
3855,Emotion
3856,Reason
3857,Control
3858,Control
3859,Reason
3860,Emotion
3861,Emotion
3862,Reason
3863,Reason
3864,Emotion
3865,Emotion
3866,Reason
3867,Reason
3868,Control
3869,Emotion
3870,Emotion
3871,Emotion
3872,Emotion
3873,Reason
3874,Control
3875,Control
3876,Emotion
3877,Reason
3878,Emotion
3879,Emotion
3880,Reason
3881,Emotion
3882,Emotion
3883,Control
3884,Control
3885,Emotion
3886,Emotion
3887,Control
3888,Reason
3889,Emotion
3890,Control
3891,Reason
3892,Reason
3893,Reason
3894,Emotion
3895,Emotion
3896,Emotion
3897,Control
3898,Emotion
3899,Reason
3900,Control
3901,Control
3902,Reason
3903,Emotion
3904,Control
3905,Control
3906,Control
3907,Control
3908,Reason
3909,Control
3910,Control
3911,Control
3912,Reason
3913,Reason
3914,Emotion
3915,Control
3916,Reason
3917,Control
3918,Reason
3919,Reason
3920,Reason
3921,Reason
3922,Reason
3923,Reason
3924,Emotion
3925,Control
3926,Reason
3927,Emotion
3928,Emotion
3929,Control
3930,Reason
3931,Emotion
3932,Reason
3933,Control
3934,Control
3935,Emotion
3936,Reason
3937,Emotion
3938,Control
3939,Control
3940,Control
3941,Emotion
3942,Reason
3943,Reason
3944,Reason
3945,Reason
3946,Control
3947,Control
3948,Control
3949,Control
3950,Control
3951,Control
3952,Emotion
3953,Emotion
3954,Reason
3955,Reason
3956,Control
3957,Control
3958,Reason
3959,Reason
3960,Control
3961,Emotion
3962,Reason
3963,Control
3964,Reason
3965,Emotion
3966,Emotion
3967,Control
3968,Emotion
3969,Emotion
3970,Control
3971,Emotion
3972,Control
3973,Emotion
3974,Emotion
3975,Control
3976,Control
3977,Control
3978,Control
3979,Reason
3980,Control
3981,Reason
3982,Control
3983,Reason
3984,Reason
3985,Reason
3986,Reason
3987,Reason
3988,Control
3989,Control
3990,Reason
3991,Reason
3992,Emotion
3993,Reason
3994,Reason
3995,Reason
3996,Reason
3997,Control
3998,Emotion
3999,Emotion
4000,Control
4001,Emotion
4002,Reason
4003,Emotion
4004,Reason
4005,Emotion
4006,Reason
4007,Control
4008,Emotion
4009,Control
4010,Control
4011,Emotion
4012,Control
4013,Reason
4014,Control
4015,Control
4016,Reason
4017,Emotion
4018,Reason
4019,Emotion
4020,Control
4021,Reason
4022,Emotion
4023,Control
4024,Reason
4025,Reason
4026,Reason
4027,Emotion
4028,Reason
4029,Control
4030,Emotion
4031,Reason
4032,Control
4033,Reason
4034,Emotion
4035,Emotion
4036,Emotion
4037,Reason
4038,Emotion
4039,Emotion
4040,Control
4041,Emotion
4042,Reason
4043,Control
4044,Control
4045,Control
4046,Emotion
4047,Emotion
4048,Emotion
4049,Reason
4050,Control
4051,Control
4052,Emotion
4053,Control
4054,Control
4055,Reason
4056,Emotion
4057,Emotion
4058,Reason
4059,Control
4060,Emotion
4061,Emotion
4062,Control
4063,Control
4064,Control
4065,Control
4066,Control
4067,Control
4068,Control
4069,Emotion
4070,Reason
4071,Emotion
4072,Emotion
4073,Control
4074,Control
4075,Control
4076,Emotion
4077,Emotion
4078,Emotion
4079,Control
4080,Control
4081,Emotion
4082,Reason
4083,Control
4084,Reason
4085,Control
4086,Control
4087,Emotion
4088,Emotion
4089,Emotion
4090,Emotion
4091,Emotion
4092,Reason
4093,Emotion
4094,Reason
4095,Control
4096,Emotion
4097,Control
4098,Reason
4099,Control
4100,Control
4101,Control
4102,Control
4103,Reason
4104,Emotion
4105,Control
4106,Control
4107,Control
4108,Emotion
4109,Emotion
4110,Reason
4111,Emotion
4112,Control
4113,Reason
4114,Reason
4115,Reason
4116,Reason
4117,Emotion
4118,Emotion
4119,Reason
4120,Emotion
4121,Emotion
4122,Control
4123,Control
4124,Reason
4125,Reason
4126,Emotion
4127,Emotion
4128,Control
4129,Emotion
4130,Emotion
4131,Control
4132,Control
4133,Control
4134,Control
4135,Emotion
4136,Control
4137,Reason
4138,Control
4139,Reason
4140,Control
4141,Emotion
4142,Emotion
4143,Control
4144,Control
4145,Reason
4146,Control
4147,Reason
4148,Emotion
4149,Reason
4150,Emotion
4151,Reason
4152,Emotion
4153,Emotion
4154,Emotion
4155,Control
4156,Emotion
4157,Reason
4158,Emotion
4159,Emotion
4160,Emotion
4161,Emotion
4162,Emotion
4163,Emotion
4164,Control
4165,Emotion
4166,Reason
4167,Emotion
4168,Emotion
4169,Control
4170,Emotion
4171,Reason
4172,Emotion
4173,Control
4174,Reason
4175,Reason
4176,Control
4177,Reason
4178,Emotion
4179,Reason
4180,Emotion
4181,Reason
4182,Reason
4183,Control
4184,Control
4185,Control
4186,Reason
4187,Reason
4188,Control
4189,Reason
4190,Emotion
4191,Control
4192,Control
4193,Emotion
4194,Control
4195,Emotion
4196,Reason
4197,Control
4198,Reason
4199,Reason
4200,Reason
4201,Emotion
4202,Emotion
4203,Control
4204,Control
4205,Reason
4206,Control
4207,Emotion
4208,Control
4209,Reason
4210,Emotion
4211,Reason
4212,Control
4213,Control
4214,Reason
4215,Reason
4216,Reason
4217,Control
4218,Control
4219,Emotion
4220,Reason
4221,Emotion
4222,Control
4223,Control
4224,Emotion
4225,Emotion
4226,Emotion
4227,Control
4228,Reason
4229,Reason
4230,Emotion
4231,Reason
4232,Reason
4233,Control
4234,Emotion
4235,Reason
4236,Control
4237,Emotion
4238,Emotion
4239,Emotion
4240,Emotion
4241,Control
4242,Emotion
4243,Control
4244,Control
4245,Reason
4246,Control
4247,Reason
4248,Control
4249,Control
4250,Control
4251,Emotion
4252,Reason
4253,Emotion
4254,Control
4255,Reason
4256,Emotion
4257,Reason
4258,Reason
4259,Reason
4260,Emotion
4261,Reason
4262,Control
4263,Control
4264,Reason
4265,Reason
4266,Reason
4267,Control
4268,Control
4269,Emotion
4270,Reason
4271,Reason
4272,Reason
4273,Emotion
4274,Reason
4275,Control
4276,Reason
4277,Emotion
4278,Control
4279,Reason
4280,Reason
4281,Emotion
4282,Emotion
4283,Control
4284,Reason
4285,Emotion
4286,Control
4287,Control
4288,Control
4289,Emotion
4290,Reason
4291,Control
4292,Reason
4293,Reason
4294,Emotion
4295,Reason
4296,Control
4297,Emotion
4298,Emotion
4299,Reason
4300,Emotion
4301,Control
4302,Emotion
4303,Control
4304,Emotion
4305,Emotion
4306,Emotion
4307,Control
4308,Emotion
4309,Emotion
4310,Control
4311,Control
4312,Reason
4313,Reason
4314,Control
4315,Reason
4316,Control
4317,Emotion
4318,Reason
4319,Emotion
4320,Reason
4321,Reason
4322,Control
4323,Reason
4324,Emotion
4325,Emotion
4326,Emotion
4327,Reason
4328,Emotion
4329,Control
4330,Emotion
4331,Control
4332,Control
4333,Control
4334,Reason
4335,Emotion
4336,Reason
4337,Reason
4338,Reason
4339,Emotion
4340,Emotion
4341,Control
4342,Control
4343,Control
4344,Control
4345,Control
4346,Emotion
4347,Control
4348,Control
4349,Reason
4350,Control
4351,Control
4352,Emotion
4353,Emotion
4354,Reason
4355,Control
4356,Reason
4357,Reason
4358,Reason
4359,Reason
4360,Control
4361,Control
4362,Control
4363,Reason
4364,Emotion
4365,Reason
4366,Control
4367,Control
4368,Reason
4369,Reason
4370,Control
4371,Control
4372,Reason
4373,Emotion
4374,Control
4375,Reason
4376,Control
4377,Reason
4378,Control
4379,Emotion
4380,Control
4381,Emotion
4382,Reason
4383,Reason
4384,Reason
4385,Emotion
4386,Control
4387,Reason
4388,Control
4389,Reason
4390,Emotion
4391,Emotion
4392,Emotion
4393,Emotion
4394,Reason
4395,Control
4396,Control
4397,Reason
4398,Reason
4399,Emotion
4400,Emotion
4401,Emotion
4402,Emotion
4403,Reason
4404,Reason
4405,Emotion
4406,Reason
4407,Reason
4408,Control
4409,Control
4410,Control
4411,Reason
4412,Emotion
4413,Emotion
4414,Emotion
4415,Emotion
4416,Reason
4417,Emotion
4418,Emotion
4419,Control
4420,Emotion
4421,Emotion
4422,Reason
4423,Control
4424,Reason
4425,Reason
4426,Emotion
4427,Reason
4428,Control
4429,Emotion
4430,Control
4431,Reason
4432,Reason
4433,Control
4434,Control
4435,Emotion
4436,Control
4437,Emotion
4438,Emotion
4439,Emotion
4440,Reason
4441,Emotion
4442,Emotion
4443,Control
4444,Reason
4445,Reason
4446,Control
4447,Reason
4448,Control
4449,Reason
4450,Emotion
4451,Emotion
4452,Emotion
4453,Reason
4454,Reason
4455,Control
4456,Control
4457,Control
4458,Emotion
4459,Reason
4460,Control
4461,Reason
4462,Control
4463,Reason
4464,Control
4465,Reason
4466,Control
4467,Control
4468,Emotion
4469,Control
4470,Emotion
4471,Emotion
4472,Reason
4473,Reason
4474,Control
4475,Reason
4476,Emotion
4477,Emotion
4478,Reason
4479,Emotion
4480,Emotion
4481,Reason
4482,Reason
4483,Control
4484,Control
4485,Reason
4486,Reason
4487,Reason
4488,Emotion
4489,Emotion
4490,Emotion
4491,Reason
4492,Emotion
4493,Control
4494,Control
4495,Control
4496,Reason
4497,Emotion
4498,Control
4499,Reason
4500,Control
4501,Control
4502,Reason
4503,Reason
4504,Control
4505,Control
4506,Control
4507,Emotion
4508,Emotion
4509,Control
4510,Control
4511,Control
4512,Reason
4513,Reason
4514,Emotion
4515,Emotion
4516,Control
4517,Reason
4518,Control
4519,Control
4520,Reason
4521,Control
4522,Emotion
4523,Emotion
4524,Reason
4525,Emotion
4526,Emotion
4527,Reason
4528,Control
4529,Reason
4530,Emotion
4531,Control
4532,Emotion
4533,Emotion
4534,Emotion
4535,Control
4536,Reason
4537,Control
4538,Reason
4539,Control
4540,Control
4541,Reason
4542,Control
4543,Reason
4544,Emotion
4545,Control
4546,Reason
4547,Control
4548,Emotion
4549,Emotion
4550,Emotion
4551,Reason
4552,Control
4553,Control
4554,Emotion
4555,Reason
4556,Reason
4557,Control
4558,Reason
4559,Control
4560,Control
4561,Control
4562,Control
4563,Control
4564,Control
4565,Emotion
4566,Reason
4567,Control
4568,Emotion
4569,Emotion
4570,Emotion
4571,Emotion
4572,Emotion
4573,Emotion
4574,Reason
4575,Control
4576,Reason
4577,Control
4578,Reason
4579,Reason
4580,Reason
4581,Control
4582,Emotion
4583,Reason
4584,Reason
4585,Control
4586,Control
4587,Emotion
4588,Emotion
4589,Reason
4590,Reason
4591,Reason
4592,Reason
4593,Control
4594,Emotion
4595,Emotion
4596,Emotion
4597,Control
4598,Reason
4599,Emotion
4600,Reason
4601,Emotion
4602,Reason
4603,Control
4604,Control
4605,Reason
4606,Emotion
4607,Control
4608,Reason
4609,Reason
4610,Control
4611,Reason
4612,Control
4613,Control
4614,Control
4615,Control
4616,Reason
4617,Reason
4618,Control
4619,Emotion
4620,Control
4621,Control
4622,Emotion
4623,Emotion
4624,Control
4625,Control
4626,Reason
4627,Emotion
4628,Control
4629,Control
4630,Emotion
4631,Emotion
4632,Reason
4633,Reason
4634,Control
4635,Control
4636,Control
4637,Emotion
4638,Reason
4639,Control
4640,Control
4641,Control
4642,Control
4643,Emotion
4644,Control
4645,Emotion
4646,Emotion
4647,Control
4648,Control
4649,Control
4650,Control
4651,Emotion
4652,Control
4653,Control
4654,Reason
4655,Control
4656,Reason
4657,Emotion
4658,Emotion
4659,Reason
4660,Control
4661,Emotion
4662,Emotion
4663,Emotion
4664,Control
4665,Reason
4666,Emotion
4667,Emotion
4668,Emotion
4669,Control
4670,Emotion
4671,Emotion
4672,Reason
4673,Emotion
4674,Reason
4675,Control
4676,Reason
4677,Reason
4678,Reason
4679,Control
4680,Emotion
4681,Control
4682,Reason
4683,Reason
4684,Emotion
4685,Control
4686,Control
4687,Reason
4688,Reason
4689,Control
4690,Reason
4691,Control
4692,Control
4693,Emotion
4694,Control
4695,Control
4696,Control
4697,Control
4698,Emotion
4699,Reason
4700,Emotion
4701,Emotion
4702,Reason
4703,Emotion
4704,Reason
4705,Control
4706,Control
4707,Emotion
4708,Emotion
4709,Reason
4710,Control
4711,Emotion
4712,Control
4713,Emotion
4714,Control
4715,Control
4716,Emotion
4717,Reason
4718,Emotion
4719,Reason
4720,Emotion
4721,Reason
4722,Emotion
4723,Emotion
4724,Reason
4725,Emotion
4726,Control
4727,Control
4728,Control
4729,Control
4730,Emotion
4731,Control
4732,Reason
4733,Reason
4734,Control
4735,Control
4736,Control
4737,Reason
4738,Control
4739,Reason
4740,Control
4741,Control
4742,Emotion
4743,Control
4744,Reason
4745,Reason
4746,Emotion
4747,Control
4748,Emotion
4749,Control
4750,Control
4751,Reason
4752,Emotion
4753,Emotion
4754,Emotion
4755,Control
4756,Reason
4757,Reason
4758,Emotion
4759,Emotion
4760,Control
4761,Reason
4762,Emotion
4763,Reason
4764,Reason
4765,Emotion
4766,Emotion
4767,Reason
4768,Control
4769,Control
4770,Emotion
4771,Reason
4772,Reason
4773,Control
4774,Reason
4775,Control
4776,Control
4777,Control
4778,Reason
4779,Emotion
4780,Reason
4781,Reason
4782,Reason
4783,Reason
4784,Reason
4785,Control
4786,Control
4787,Control
4788,Control
4789,Reason
4790,Control
4791,Emotion
4792,Reason
4793,Control
4794,Reason
4795,Emotion
4796,Control
4797,Control
4798,Control
4799,Reason
4800,Emotion
4801,Emotion
4802,Emotion
4803,Emotion
4804,Reason
4805,Emotion
4806,Control
4807,Reason
4808,Reason
4809,Reason
4810,Emotion
4811,Control
4812,Emotion
4813,Control
4814,Emotion
4815,Reason
4816,Reason
4817,Emotion
4818,Control
4819,Control
4820,Control
4821,Control
4822,Reason
4823,Emotion
4824,Control
4825,Control
4826,Control
4827,Control
4828,Reason
4829,Emotion
4830,Emotion
4831,Emotion
4832,Reason
4833,Reason
4834,Emotion
4835,Control
4836,Emotion
4837,Emotion
4838,Control
4839,Reason
4840,Reason
4841,Emotion
4842,Reason
4843,Emotion
4844,Emotion
4845,Emotion
4846,Reason
4847,Control
4848,Control
4849,Emotion
4850,Reason
4851,Emotion
4852,Control
4853,Emotion
4854,Reason
4855,Reason
4856,Reason
4857,Control
4858,Control
4859,Emotion
4860,Control
4861,Control
4862,Reason
4863,Reason
4864,Control
4865,Emotion
4866,Reason
4867,Reason
4868,Emotion
4869,Emotion
4870,Emotion
4871,Emotion
4872,Control
4873,Control
4874,Emotion
4875,Control
4876,Reason
4877,Control
4878,Control
4879,Control
4880,Reason
4881,Emotion
4882,Reason
4883,Emotion
4884,Control
4885,Emotion
4886,Control
4887,Reason
4888,Reason
4889,Control
4890,Reason
4891,Emotion
4892,Emotion
4893,Emotion
4894,Reason
4895,Control
4896,Emotion
4897,Control
4898,Emotion
4899,Control
4900,Emotion
4901,Control
4902,Emotion
4903,Reason
4904,Reason
4905,Control
4906,Control
4907,Control
4908,Control
4909,Reason
4910,Reason
4911,Reason
4912,Reason
4913,Reason
4914,Emotion
4915,Control
4916,Reason
4917,Control
4918,Emotion
4919,Control
4920,Reason
4921,Control
4922,Control
4923,Emotion
4924,Control
4925,Reason
4926,Reason
4927,Emotion
4928,Emotion
4929,Control
4930,Reason
4931,Control
4932,Reason
4933,Control
4934,Reason
4935,Emotion
4936,Control
4937,Emotion
4938,Control
4939,Reason
4940,Control
4941,Control
4942,Reason
4943,Emotion
4944,Emotion
4945,Emotion
4946,Reason
4947,Control
4948,Emotion
4949,Emotion
4950,Emotion
4951,Emotion
4952,Reason
4953,Reason
4954,Emotion
4955,Control
4956,Reason
4957,Emotion
4958,Control
4959,Reason
4960,Control
4961,Emotion
4962,Control
4963,Reason
4964,Control
4965,Emotion
4966,Control
4967,Emotion
4968,Control
4969,Emotion
4970,Reason
4971,Reason
4972,Control
4973,Reason
4974,Reason
4975,Reason
4976,Reason
4977,Emotion
4978,Reason
4979,Reason
4980,Control
4981,Control
4982,Control
4983,Emotion
4984,Emotion
4985,Reason
4986,Reason
4987,Emotion
4988,Reason
4989,Emotion
4990,Control
4991,Emotion
4992,Emotion
4993,Emotion
4994,Reason
4995,Reason
4996,Emotion
4997,Emotion
4998,Control
4999,Reason
5000,Control
